Level 1 Bow;;;;;;;;;;;;;;;;;
Bow;BoardNewM.png;0;1;2;3;4;5;6;7;8;9;;;;;;
Bow.png;Attack Value :;7-29;15-37;23-45;31-53;39-61;47-69;55-77;63-85;69-71;79-101;;;;;;
UL nativelook.png;Attack Speed :;28%;28%;28%;28%;28%;28%;28%;28%;28%;28%;;;;;;
UR nativelook.png;Upgrade Yang :;-;60000%;120000%;250000%;500000%;1000000%;2000000%;3000000%;4500000%;7500000%;;;;;;
DL nativelook.png;Upgrade Item 1 :;-;-;-;-;-;-;-;1 x;2 x;2 x;;;;;;
DR nativelook.png;;;;;;;;;Ornament.png;Black Uniform.png;Broken Porcelain.png;;;;;;
Price;;;;;;;;;;;;;;;;;
Not available at NPC;;;;;;;;;;;;;;;;;
;;;;;;;;;;;;;;;;;
Sockets: 1;;;;;;;;;;;;;;;;;
;;;;;;;;;;;;;;;;;
Level 5 Bow;;;;;;;;;;;;;;;;;
Long Bow;BoardNewM.png;0;1;2;3;4;5;6;7;8;9;;;;;;
Long Bow.png;Attack Value :;15-51;23-59;31-67;39-75;47-83;55-91;63-99;71-107;79-115;87-123;;;;;;
UL nativelook.png;Attack Speed :;29%;29%;29%;29%;29%;29%;29%;29%;29%;29%;;;;;;
UR nativelook.png;Upgrade Yang :;-;60000%;120000%;250000%;500000%;1000000%;2000000%;3000000%;4500000%;7500000%;;;;;;
DL nativelook.png;Upgrade Item 1 :;-;-;-;-;-;-;-;1 x;2 x;2 x;;;;;;
DR nativelook.png;;;;;;;;;Ornament.png;Black Uniform.png;Broken Porcelain.png;;;;;;
Price;;;;;;;;;;;;;;;;;
400 Yang;;;;;;;;;;;;;;;;;
;;;;;;;;;;;;;;;;;
Sockets: 1;;;;;;;;;;;;;;;;;
;;;;;;;;;;;;;;;;;
Level 10 Bow;;;;;;;;;;;;;;;;;
Composite Bow;BoardNewM.png;0;1;2;3;4;5;6;7;8;9;;;;;;
Composite Bow.png;Attack Value :;19-57;27-65;35-73;43-81;51-89;59-97;67-105;75-113;83-121;91-129;;;;;;
UL nativelook.png;Attack Speed :;27%;27%;27%;27%;27%;27%;27%;27%;27%;27%;;;;;;
UR nativelook.png;Upgrade Yang :;-;60000%;120000%;250000%;500000%;1000000%;2000000%;3000000%;4500000%;7500000%;;;;;;
DL nativelook.png;Upgrade Item 1 :;-;-;-;-;-;-;-;1 x;2 x;2 x;;;;;;
DR nativelook.png;;;;;;;;;Ornament.png;Black Uniform.png;Broken Porcelain.png;;;;;;
Price;;;;;;;;;;;;;;;;;
Not available at NPC;;;;;;;;;;;;;;;;;
;;;;;;;;;;;;;;;;;
Sockets: 1;;;;;;;;;;;;;;;;;
;;;;;;;;;;;;;;;;;
Level 15 Bow;;;;;;;;;;;;;;;;;
Battle Bow;BoardNewM.png;0;1;2;3;4;5;6;7;8;9;;;;;;
Battle Bow.png;Attack Value :;26-70;34-78;42-86;50-94;58-102;66-110;74-118;82-126;90-134;98-142;;;;;;
UL nativelook.png;Attack Speed :;22%;22%;22%;22%;22%;22%;22%;22%;22%;22%;;;;;;
UR nativelook.png;Upgrade Yang :;-;60000%;120000%;250000%;500000%;1000000%;2000000%;3000000%;4500000%;7500000%;;;;;;
DL nativelook.png;Upgrade Item 1 :;-;-;-;-;-;-;-;1 x;2 x;2 x;;;;;;
DR nativelook.png;;;;;;;;;Ornament.png;Black Uniform.png;Broken Porcelain.png;;;;;;
Price;;;;;;;;;;;;;;;;;
800 Yang;;;;;;;;;;;;;;;;;
;;;;;;;;;;;;;;;;;
Sockets: 1;;;;;;;;;;;;;;;;;
;;;;;;;;;;;;;;;;;
Level 20 Bow;;;;;;;;;;;;;;;;;
Horseback Long Bow;BoardNewM.png;0;1;2;3;4;5;6;7;8;9;;;;;;
Horseback Long Bow.png;Attack Value :;40-88;48-96;56-104;64-112;72-120;80-128;88-136;96-144;104-152;112-160;;;;;;
UL nativelook.png;Attack Speed :;15%;15%;15%;15%;15%;15%;15%;15%;15%;15%;;;;;;
UR nativelook.png;Upgrade Yang :;-;60000%;120000%;250000%;500000%;1000000%;2000000%;3000000%;4500000%;7500000%;;;;;;
DL nativelook.png;Upgrade Item 1 :;-;-;-;-;-;-;-;1 x;2 x;2 x;;;;;;
DR nativelook.png;;;;;;;;;Ornament.png;Black Uniform.png;Broken Porcelain.png;;;;;;
Price;;;;;;;;;;;;;;;;;
Not available at NPC;;;;;;;;;;;;;;;;;
;;;;;;;;;;;;;;;;;
Sockets: 1;;;;;;;;;;;;;;;;;
;;;;;;;;;;;;;;;;;
Level 25 Bow;;;;;;;;;;;;;;;;;
Horseback Battle Bow;BoardNewM.png;0;1;2;3;4;5;6;7;8;9;;;;;;
Horseback Battle Bow.png;Attack Value :;50-118;57-125;64-132;71-139;78-146;87-155;97-165;108-176;120-188;133-201;;;;;;
UL nativelook.png;Attack Speed :;29%;29%;29%;29%;29%;29%;29%;29%;29%;29%;;;;;;
UR nativelook.png;Upgrade Yang :;-;100000%;200000%;400000%;800000%;1300000%;2000000%;4000000%;7000000%;12000000%;;;;;;
DL nativelook.png;Upgrade Item 1 :;-;-;-;-;-;2 x;2 x;2 x;2 x;2 x;;;;;;
DR nativelook.png;;;;;;;Esoteric Primer.png;Shiriken+.png;Orc Tooth.png;Rusty Blade.png;Snakeskin.png;;;;;;
Price;Upgrade Item 2 :;-;-;-;-;-;-;-;1 x;1 x;1 x;;;;;;
5.000 Yang;;;;;;;;;Fishbones.png;Clam.png;Clam.png;;;;;;
;;;;;;;;;;;;;;;;;
Sockets: 2;;;;;;;;;;;;;;;;;
;;;;;;;;;;;;;;;;;
Level 30 Bow;;;;;;;;;;;;;;;;;
Hornbow;BoardNewM.png;0;1;2;3;4;5;6;7;8;9;;;;;;
Hornbow.png;Attack Value :;85-178;92-185;98-191;105-198;111-204;120-213;129-222;140-233;151-244;164-257;;;;;;
UL nativelook.png;Attack Speed :;15%;15%;15%;15%;15%;15%;15%;15%;15%;15%;;;;;;
UR nativelook.png;Upgrade Yang :;-;300000%;600000%;1200000%;2500000%;4000000%;6000000%;9000000%;12000000%;15000000%;;;;;;
DL nativelook.png;Upgrade Item 1 :;No upgrade items are necessary;;;;;;;;;;;;;;;
DR nativelook.png;;;;;;;;;;;;;;;;;
Price;;;;;;;;;;;;;;;;;
Not available at NPC;;;;;;;;;;;;;;;;;
;;;;;;;;;;;;;;;;;
Sockets: 2;;;;;;;;;;;;;;;;;
;;;;;;;;;;;;;;;;;
Level 32 Bow;;;;;;;;;;;;;;;;;
Copper Crafted Bow;BoardNewM.png;0;1;2;3;4;5;6;7;8;9;;;;;;
Copper Crafted Bow.png;Attack Value :;62-128;69-135;76-142;83-139;90-156;97-163;111-197;122-208;134-220;147-232;;;;;;
UL nativelook.png;Attack Speed :;26%;26%;26%;26%;26%;26%;26%;26%;26%;26%;;;;;;
UR nativelook.png;Upgrade Yang :;-;100000%;200000%;400000%;800000%;1300000%;2000000%;4000000%;7000000%;12000000%;;;;;;
DL nativelook.png;Upgrade Item 1 :;-;-;-;-;-;2 x;2 x;2 x;2 x;2 x;;;;;;
DR nativelook.png;;;;;;;Esoteric Primer.png;Shiriken+.png;Orc Tooth.png;Rusty Blade.png;Snakeskin.png;;;;;;
Price;Upgrade Item 2 :;-;-;-;-;-;-;-;1 x;1 x;1 x;;;;;;
Not available at NPC;;;;;;;;;Fishbones.png;Clam.png;Clam.png;;;;;;
;;;;;;;;;;;;;;;;;
Sockets: 2;;;;;;;;;;;;;;;;;
;;;;;;;;;;;;;;;;;
Level 36 Bow;;;;;;;;;;;;;;;;;
Black Ruin Bow;BoardNewM.png;0;1;2;3;4;5;6;7;8;9;;;;;;
Black Ruin Bow.png;Attack Value :;64-150;71-157;78-164;85-171;92-178;101-187;111-197;122-208;134-220;147-233;;;;;;
UL nativelook.png;Attack Speed :;22%;22%;22%;22%;22%;22%;22%;22%;22%;22%;;;;;;
UR nativelook.png;Upgrade Yang :;-;100000%;200000%;400000%;800000%;1300000%;2000000%;4000000%;7000000%;12000000%;;;;;;
DL nativelook.png;Upgrade Item 1 :;-;-;-;-;-;2 x;2 x;2 x;2 x;2 x;;;;;;
DR nativelook.png;;;;;;;Esoteric Primer.png;Shiriken+.png;Orc Tooth.png;Rusty Blade.png;Snakeskin.png;;;;;;
Price;Upgrade Item 2 :;-;-;-;-;-;-;-;1 x;1 x;1 x;;;;;;
15.000 Yang;;;;;;;;;Fishbones.png;Clam.png;Clam.png;;;;;;
;;;;;;;;;;;;;;;;;
Sockets: 2;;;;;;;;;;;;;;;;;
;;;;;;;;;;;;;;;;;
Level 40 Bow;;;;;;;;;;;;;;;;;
Red Eye Bow;BoardNewM.png;0;1;2;3;4;5;6;7;8;9;;;;;;
Red Eye Bow.png;Attack Value :;65-194;72-201;79-208;86-215;93-222;102-231;112-241;123-252;135-264;148-277;;;;;;
UL nativelook.png;Attack Speed :;15%;15%;15%;15%;15%;15%;15%;15%;15%;15%;;;;;;
UR nativelook.png;Upgrade Yang :;-;100000%;200000%;400000%;800000%;1300000%;2000000%;4000000%;7000000%;12000000%;;;;;;
DL nativelook.png;Upgrade Item 1 :;-;-;-;-;-;2 x;2 x;2 x;2 x;2 x;;;;;;
DR nativelook.png;;;;;;;Esoteric Primer.png;Shiriken+.png;Orc Tooth.png;Rusty Blade.png;Snakeskin.png;;;;;;
Price;Upgrade Item 2 :;-;-;-;-;-;-;-;1 x;1 x;1 x;;;;;;
Not available at NPC;;;;;;;;;Fishbones.png;Clam.png;Clam.png;;;;;;
;;;;;;;;;;;;;;;;;
Sockets: 2;;;;;;;;;;;;;;;;;
;;;;;;;;;;;;;;;;;
Level 45 Bow;;;;;;;;;;;;;;;;;
Thorn Leaf Bow;BoardNewM.png;0;1;2;3;4;5;6;7;8;9;;;;;;
Thorn Leaf Bow.png;Attack Value :;106-206;112-212;118-218;124-224;130-231;138-238;147-247;157-257;168-268;180-280;;;;;;
UL nativelook.png;Attack Speed :;24%;24%;24%;24%;24%;24%;24%;24%;24%;24%;;;;;;
UR nativelook.png;Upgrade Yang :;-;120000%;250000%;500000%;1000000%;2000000%;3000000%;4500000%;9000000%;15000000%;;;;;;
DL nativelook.png;Upgrade Item 1 :;-;-;-;-;-;1 x;1 x;2 x;2 x;2 x;;;;;;
DR nativelook.png;;;;;;;Unknown Talisman+.png;Demon's Keepsake.png;Demon's Keepsake+.png;Ice Marble.png;Warrior's Symbol.png;;;;;;
Price;Upgrade Item 2 :;-;-;-;-;-;-;-;1 x;1 x;1 x;;;;;;
Not available at NPC;;;;;;;;;White Pearl.png;Blue Pearl.png;Blood-Red Pearl.png;;;;;;
;;;;;;;;;;;;;;;;;
Sockets: 3;;;;;;;;;;;;;;;;;
;;;;;;;;;;;;;;;;;
Level 50 Bow;;;;;;;;;;;;;;;;;
Bull's Horn Bow;BoardNewM.png;0;1;2;3;4;5;6;7;8;9;;;;;;
Bull's Horn Bow.png;Attack Value :;116-216;122-222;128-228;134-234;140-240;148-248;157-257;167-267;178-278;190-290;;;;;;
UL nativelook.png;Attack Speed :;22%;22%;22%;22%;22%;22%;22%;22%;22%;22%;;;;;;
UR nativelook.png;Upgrade Yang :;-;120000%;250000%;500000%;1000000%;2000000%;3000000%;4500000%;9000000%;15000000%;;;;;;
DL nativelook.png;Upgrade Item 1 :;-;-;-;-;-;1 x;1 x;2 x;2 x;2 x;;;;;;
DR nativelook.png;;;;;;;Unknown Talisman+.png;Demon's Keepsake.png;Demon's Keepsake+.png;Ice Marble.png;Warrior's Symbol.png;;;;;;
Price;Upgrade Item 2 :;-;-;-;-;-;-;-;1 x;1 x;1 x;;;;;;
Not available at NPC;;;;;;;;;White Pearl.png;Blue Pearl.png;Blood-Red Pearl.png;;;;;;
;;;;;;;;;;;;;;;;;
Sockets: 3;;;;;;;;;;;;;;;;;
;;;;;;;;;;;;;;;;;
Level 55 Bow;;;;;;;;;;;;;;;;;
Unicorn Bow;BoardNewM.png;0;1;2;3;4;5;6;7;8;9;;;;;;
Unicorn Bow.png;Attack Value :;139-213;145-219;151-225;157-231;163-237;171-245;180-254;190-264;201-275;213-287;;;;;;
UL nativelook.png;Attack Speed :;19%;19%;19%;19%;19%;19%;19%;19%;19%;19%;;;;;;
UR nativelook.png;Upgrade Yang :;-;120000%;250000%;500000%;1000000%;2000000%;3000000%;4500000%;9000000%;15000000%;;;;;;
DL nativelook.png;Upgrade Item 1 :;-;-;-;-;-;1 x;1 x;2 x;2 x;2 x;;;;;;
DR nativelook.png;;;;;;;Unknown Talisman+.png;Demon's Keepsake.png;Demon's Keepsake+.png;Ice Marble.png;Warrior's Symbol.png;;;;;;
Price;Upgrade Item 2 :;-;-;-;-;-;-;-;1 x;1 x;1 x;;;;;;
Not available at NPC;;;;;;;;;White Pearl.png;Blue Pearl.png;Blood-Red Pearl.png;;;;;;
;;;;;;;;;;;;;;;;;
Sockets: 3;;;;;;;;;;;;;;;;;
;;;;;;;;;;;;;;;;;
Level 60 Bow;;;;;;;;;;;;;;;;;
Giant Wing Bow;BoardNewM.png;0;1;2;3;4;5;6;7;8;9;;;;;;
Giant Wing Bow.png;Attack Value :;135-251;141-257;147-263;153-269;159-275;167-283;176-292;186-302;197-313;209-325;;;;;;
UL nativelook.png;Attack Speed :;15%;15%;15%;15%;15%;15%;15%;15%;15%;15%;;;;;;
UR nativelook.png;Upgrade Yang :;-;1.200;2.500;5.000;10.000;20.000;30.000;45.000;90.000;150.000;;;;;;
DL nativelook.png;Upgrade Item 1 :;-;-;-;-;-;1 x;1 x;2 x;2 x;2 x;;;;;;
DR nativelook.png;;;;;;;Unknown Talisman+.png;Demon's Keepsake.png;Demon's Keepsake+.png;Ice Marble.png;Warrior's Symbol.png;;;;;;
Price;Upgrade Item 2 :;-;-;-;-;-;-;-;1 x;1 x;1 x;;;;;;
Not available at NPC;;;;;;;;;White Pearl.png;Blue Pearl.png;Blood-Red Pearl.png;;;;;;
;;;;;;;;;;;;;;;;;
Sockets: 3;;;;;;;;;;;;;;;;;
;;;;;;;;;;;;;;;;;
Level 65 Bow;;;;;;;;;;;;;;;;;
Divine Apricot Bow;BoardNewM.png;0;1;2;3;4;5;6;7;8;9;;;;;;
Divine Apricot Bow.png;Attack Value :;190-290;196-296;203-303;211-311;220-320;230-330;241-341;253-353;266-366;280-380;;;;;;
UL nativelook.png;Attack Speed :;17%;18%;19%;20%;21%;22%;23%;24%;25%;27%;;;;;;
UR nativelook.png;Upgrade Yang :;-;120000%;250000%;500000%;1000000%;2000000%;3000000%;4500000%;9000000%;15000000%;;;;;;
DL nativelook.png;Upgrade Item 1 :;-;-;-;-;-;1 x;1 x;2 x;2 x;2 x;;;;;;
DR nativelook.png;;;;;;;Unknown Talisman+.png;Demon's Keepsake.png;Demon's Keepsake+.png;Ice Marble.png;Warrior's Symbol.png;;;;;;
Price;Upgrade Item 2 :;-;-;-;-;-;-;-;1 x;1 x;1 x;;;;;;
Not available at NPC;;;;;;;;;White Pearl.png;Blue Pearl.png;Blood-Red Pearl.png;;;;;;
;;;;;;;;;;;;;;;;;
Sockets: 3;;;;;;;;;;;;;;;;;
;;;;;;;;;;;;;;;;;
Level 65 Bow;;;;;;;;;;;;;;;;;
Yellow Dragon Bow;BoardNewM.png;0;1;2;3;4;5;6;7;8;9;;;;;;
Yellow Dragon Bow.png;Attack Value :;187-293;195-301;204-310;214-320;225-331;237-343;250-356;264-370;289-395;324-430;;;;;;
UL nativelook.png;Attack Speed :;15%;15%;15%;15%;15%;15%;15%;15%;15%;15%;;;;;;
UR nativelook.png;Upgrade Yang :;-;1.200;2.500;5.000;10.000;20.000;30.000;45.000;90.000;150.000;;;;;;
DL nativelook.png;Upgrade Item 1 :;-;-;-;-;-;1 x;1 x;2 x;2 x;2 x;;;;;;
DR nativelook.png;;;;;;;Unknown Talisman+.png;Demon's Keepsake.png;Demon's Keepsake+.png;Ice Marble.png;Warrior's Symbol.png;;;;;;
Price;Upgrade Item 2 :;-;-;-;-;-;-;-;1 x;1 x;1 x;;;;;;
Not available at NPC;;;;;;;;;White Pearl.png;Blue Pearl.png;Blood-Red Pearl.png;;;;;;
;;;;;;;;;;;;;;;;;
Sockets: 3;;;;;;;;;;;;;;;;;
;;;;;;;;;;;;;;;;;
Level 70 Bow;;;;;;;;;;;;;;;;;
Blue Dragon Bow;BoardNewM.png;0;1;2;3;4;5;6;7;8;9;;;;;;
Blue Dragon Bow.png;Attack Value :;187-293;193-299;200-306;208-314;217-323;227-333;238-344;250-356;263-369;277-383;;;;;;
UL nativelook.png;Attack Speed :;15%;15%;15%;15%;15%;15%;15%;15%;15%;15%;;;;;;
UR nativelook.png;EXP Bonus :;2%;3%;4%;5%;6%;8%;10%;12%;15%;25%;;;;;;
DL nativelook.png;Upgrade Yang :;-;1.200;2.500;5.000;10.000;20.000;30.000;45.000;90.000;150.000;;;;;;
DR nativelook.png;Upgrade Item 1 :;-;-;-;-;-;1 x;1 x;2 x;2 x;2 x;;;;;;
Price;;;;;;;Unknown Talisman+.png;Demon's Keepsake.png;Demon's Keepsake+.png;Ice Marble.png;Warrior's Symbol.png;;;;;;
Not available at NPC;Upgrade Item 2 :;-;-;-;-;-;-;-;1 x;1 x;1 x;;;;;;
;;;;;;;;;White Pearl.png;Blue Pearl.png;Blood-Red Pearl.png;;;;;;
Sockets: 3;;;;;;;;;;;;;;;;;
;;;;;;;;;;;;;;;;;
Level 75 Bow;;;;;;;;;;;;;;;;;
Crow Steel Bow;BoardNewM.png;0;1;2;3;4;5;6;7;8;9;;;;;;
Crow Steel Bow.png;Attack Value :;190-290;196-296;203-303;211-311;220-320;230-330;241-341;253-353;266-366;280-380;;;;;;
UL nativelook.png;Attack Speed :;17%;18%;19%;20%;21%;22%;23%;24%;25%;26%;;;;;;
UR nativelook.png;Upgrade Yang :;-;1.200;2.500;5.000;10.000;20.000;30.000;45.000;90.000;150.000;;;;;;
DL nativelook.png;Upgrade Item 1 :;-;-;-;-;-;1 x;1 x;2 x;2 x;2 x;;;;;;
DR nativelook.png;;;;;;;Unknown Talisman+.png;Demon's Keepsake.png;Demon's Keepsake+.png;Ice Marble.png;Warrior's Symbol.png;;;;;;
Price;Upgrade Item 2 :;-;-;-;-;-;-;-;1 x;1 x;1 x;;;;;;
Not available at NPC;;;;;;;;;White Pearl.png;Blue Pearl.png;Blood-Red Pearl.png;;;;;;
;;;;;;;;;;;;;;;;;
Sockets: 3;;;;;;;;;;;;;;;;;
;;;;;;;;;;;;;;;;;
Level 80-90 Bow;;;;;;;;;;;;;;;;;
Giant Devil Bow;BoardNewM.png;0;1;2;3;4;5;6;7;8;9;;;;;;
Giant Devil Bow.png;Level :;80;80;82;82;84;84;86;86;88;90;;;;;;
UL nativelook.png;Attack Value :;325–431;330–432;336–434;343–437;351–440;360-444;370–449;381–454;393–460;410–470;;;;;;
UR nativelook.png;Attack Speed :;15%;15%;16%;17%;18%;20%;22%;24%;27%;30%;;;;;;
DL nativelook.png;Strong against Half Humans :;2%;3%;4%;5%;6%;7%;8%;9%;10%;12%;;;;;;
DR nativelook.png;Strong against Devils :;2%;3%;4%;5%;6%;7%;8%;9%;10%;12%;;;;;;
Price;Upgrade Yang :;-;120.000;140.000;170.000;200.000;240.000;290.000;340.000;410.000;500.000;;;;;;
not available from NPC;Upgrade Item 1 :;-;-;-;-;-;-;1 x;2 x;2 x;2 x;;;;;;
;;;;;;;;Ice Marble.png;Unknown Medicine+.png;Leaf.png;Yeti Fur+.png;;;;;;
Sockets: 3;Upgrade Item 2 :;-;-;-;-;-;-;-;1 x;1 x;1 x;;;;;;
;;;;;;;;;White Pearl.png;Blue Pearl.png;Blood-Red Pearl.png;;;;;;
;;;;;;;;;;;;;;;;;
Level 87-105 Bow;;;;;;;;;;;;;;;;;
Phoenix Bow;BoardNewM.png;0;1;2;3;4;5;6;7;8;9;;;;;;
Phoenix Bow.png;Level :;87;89;91;93;95;97;99;101;103;105;;;;;;
UL nativelook.png;Attack Value :;237-436;247-446;251-450;259-458;270-469;287-486;311-510;348-547;404-603;489-686;;;;;;
UR nativelook.png;Attack Speed :;15%;15%;15%;15%;15%;15%;15%;15%;15%;15%;;;;;;
DL nativelook.png;Strong against Half Humans :;2%;3%;4%;5%;6%;7%;8%;10%;12%;15%;;;;;;
DR nativelook.png;Strength against monsters :;1%;1%;2%;2%;3%;3%;4%;4%;5%;5%;;;;;;
Price;Upgrade Yang :;-;100.000;125.000;150.000;180.000;225.000;270.000;320.000;400.000;500.000;;;;;;
Not available at NPC;Upgrade Item 1 :;-;10 x;15 x;20 x;30 x;45 x;65 x;95 x;140 x;200 x;;;;;;
;;;Energy Fragment.png;Energy Fragment.png;Energy Fragment.png;Energy Fragment.png;Energy Fragment.png;Energy Fragment.png;Energy Fragment.png;Energy Fragment.png;Energy Fragment.png;;;;;;
Sockets: 3;;;;;;;;;;;;;;;;;
;;;;;;;;;;;;;;;;;
Level 96 Bow;;;;;;;;;;;;;;;;;
Gloom Dragon Bow;BoardNewM.png;0;1;2;3;4;5;6;7;8;9;10;11;12;13;14;15
Gloom Dragon Bow.png;Attack Value :;233-439;246-452;250-456;258-646;269-475;286-492;310-516;357-553;394-599;476-682;501-711;516-726;531-741;546-756;561-771;591-801
UL nativelook.png;Attack Speed :;15%;15%;16%;16%;17%;17%;18%;18%;18%;20%;21%;22%;24%;25%;27%;30%
UR nativelook.png;Skill Damage :;1%;1%;1%;2%;2%;3%;3%;4%;4%;5%;7%;8%;9%;10%;12%;15%
DL nativelook.png;Upgrade Yang :;-;450..000;530..000;640..000;770..000;1.550.000;3.330.000;5.670.000;7.010.000;8.350.000;9.690.000;11.100.000;12.500.000;14.300.000;16.000.000;19.200.000
DR nativelook.png;Upgrade Item 1 :;-;5 x;5 x;10 x;10 x;15 x;15 x;2 x;2 x;2 x;2 x;2 x;3 x;3 x;5 x;5 x
Price;;;Thin Leather.png;Thin Leather.png;Thin Leather.png;Thin Leather.png;Thin Leather.png;Thin Leather.png;Dragon's Tooth.png;Razador's Horn.png;Nemere's Horn.png;Silk.png;Silk.png;Shards.png;Shards.png;Sharp Thorns.png;Sharp Thorns.png
Not available at NPC;Upgrade Item 2 :;-;-;-;3 x;3 x;5 x;5 x;1 x;1 x;1 x;1 x;2 x;1 x;2 x;1 x;2 x
;;;;;Thick Thread.png;Thick Thread.png;Thick Thread.png;Thick Thread.png;White Pearl.png;Blue Pearl.png;Blood-Red Pearl.png;Regular Dye.png;Regular Dye.png;Improved Dye.png;Improved Dye.png;Special Dye.png;Special Dye.png
Sockets: 3;Upgrade Item 3 :;-;-;-;-;-;-;-;-;-;-;1 x;1 x;1 x;1 x;1 x;1 x
;;;;;;;;;;;;Regular Chaos Stone.png;Regular Chaos Stone.png;Intermediate Chaos Stone.png;Intermediate Chaos Stone.png;Epic Chaos Stone.png;Epic Chaos Stone.png
;;;;;;;;;;;;;;;;;
Level 105 Bow;;;;;;;;;;;;;;;;;
Zodiac Bow;BoardNewM.png;0;1;2;3;4;5;6;7;8;9;;;;;;
Zodiac Bow.png;Attack Value :;237-436;247-446;251-450;259-458;270-469;287-486;311-510;348-547;404-603;487-686;;;;;;
UL nativelook.png;Attack Speed :;18%;19%;20%;21%;22%;23%;24%;25%;26%;27%;;;;;;
UR nativelook.png;Upgrade Yang :;-;10.000;20.000;40.000;80.000;160.000;320.000;640.000;1.280.000;2.560.000;;;;;;
DL nativelook.png;Upgrade Item 1 :;-;1 x;2 x;4 x;8 x;16 x;32 x;64 x;128 x;200 x;;;;;;
DR nativelook.png;;;Red Zodiac Case.png;Red Zodiac Case.png;Red Zodiac Case.png;Red Zodiac Case.png;Red Zodiac Case.png;Red Zodiac Case.png;Red Zodiac Case.png;Red Zodiac Case.png;Red Zodiac Case.png;;;;;;
Price;Upgrade Item 2 :;-;-;1 x;1 x;2 x;2 x;3 x;1 x;1 x;1 x;;;;;;
Not available at NPC;;;;Sturdy Cords.png;Sturdy Cords.png;Sturdy Cords.png;Sturdy Cords.png;Sturdy Cords.png;Titanium Dioxide.png;Agate.png;Moonstone.png;;;;;;
;;;;;;;;;;;;;;;;;
Sockets: 3;;;;;;;;;;;;;;;;;
;;;;;;;;;;;;;;;;;
Level 105-115 Bow;;;;;;;;;;;;;;;;;
Kyanite Bow;BoardNewM.png;0;1;2;3;4;5;6;7;8;9;;;;;;
Kyanite Bow.png;Level :;105;106;107;108;109;110;111;112;113;115;;;;;;
UL nativelook.png;Attack Value :;348-549;356-557;361-562;367-568;373-574;382-583;392-598;407-613;450-656;528-734;;;;;;
UR nativelook.png;Attack Speed :;15%;16%;17%;18%;19%;20%;21%;22%;23%;25%;;;;;;
DL nativelook.png;Strong against Half Humans :;4%;5%;6%;7%;8%;10%;12%;15%;17%;20%;;;;;;
DR nativelook.png;Strength against monsters :;2%;2%;3%;3%;4%;4%;5%;5%;6%;8%;;;;;;
Price;Upgrade Yang :;-;330.000;425.000;540.000;720.000;800.000;900.000;950.000;1.300.000;1.500.000;;;;;;
Not available at NPC;Upgrade Item 1 :;-;1 x;1 x;2 x;2 x;3 x;2 x;2 x;3 x;2 x;;;;;;
;;;Kyanite.png;Kyanite.png;Kyanite.png;Kyanite.png;Kyanite.png;Fruit of the Gods.png;Fruit of the Gods.png;Fruit of the Gods.png;Soul of Truth.png;;;;;;
Sockets: 3;Upgrade Item 2 :;-;1 x;1 x;2 x;2 x;3 x;3 x;1 x;1 x;1 x;;;;;;
;;;Elixir of the Gods.png;Elixir of the Gods.png;Elixir of the Gods.png;Elixir of the Gods.png;Elixir of the Gods.png;Elixir of the Gods.png;White Pearl.png;Blue Pearl.png;Blood-Red Pearl.png;;;;;;
;;;;;;;;;;;;;;;;;
Level 120 Bow;;;;;;;;;;;;;;;;;
Serpent Bow;BoardNewM.png;0;1;2;3;4;5;6;7;8;9;10;11;12;13;14;15
Serpent Bow.png;Attack Value :;303-571;322-590;328-596;338-606;352-620;374-642;406-674;455-723;514-782;621-889;654-922;673-941;693-961;713-981;733-1001;771-1039
UL nativelook.png;;~;~;~;~;~;~;~;~;~;~;~;~;~;~;~;~
UR nativelook.png;;321-594;340-613;346-619;356-629;370-643;392-665;424-697;473-746;532-805;639-912;672-945;691-964;711-984;731-1004;751-1024;789-1062
DL nativelook.png;Note :;This weapon can have up to 3 random bonuses;;;;;;;;;;;;;;;
DR nativelook.png;;For more detailed information, click on the item;;;;;;;;;;;;;;;
Price;Upgrade Yang :;-;150..000;180..000;216..000;260..000;310..000;370..000;450..000;530..000;640..000;770..000;920..000;1.110.000;1.330.000;1.600.000;1.920.000
Not available at NPC;Upgrade Item 1 :;-;10 x;20 x;10 x;30 x;20 x;40 x;30 x;50 x;40 x;60 x;50 x;70 x;60 x;80 x;70 x
;;;Northwind Weapon Stone.png;Northwind Weapon Stone.png;Northwind Weapon Stone+.png;Northwind Weapon Stone.png;Northwind Weapon Stone+.png;Northwind Weapon Stone.png;Northwind Weapon Stone+.png;Northwind Weapon Stone.png;Northwind Weapon Stone+.png;Northwind Weapon Stone.png;Northwind Weapon Stone+.png;Northwind Weapon Stone.png;Northwind Weapon Stone+.png;Northwind Weapon Stone.png;Northwind Weapon Stone+.png
Sockets: 3;Upgrade Item 2 :;-;1 x;1 x;1 x;1 x;1 x;1 x;1 x;1 x;1 x;1 x;1 x;1 x;1 x;1 x;1 x
;;;Wh. Dragon Chest (Light).png;Wh. Dragon Chest (Light).png;Wh. Dragon Chest (Light).png;Wh. Dragon Chest (Light).png;Wh. Dragon Chest (Light).png;Wh. Dragon Chest (Light).png;Shimmering White Pearl.png;Shimmering Blue Pearl.png;Shim. Blood-Red Pearl.png;Shimmering White Pearl.png;Shimmering Blue Pearl.png;Shim. Blood-Red Pearl.png;Shimmering White Pearl.png;Shimmering Blue Pearl.png;Shim. Blood-Red Pearl.png
;Upgrade Item 3 :;-;-;-;2 x;2 x;2 x;2 x;2 x;2 x;2 x;2 x;2 x;2 x;1 x;1 x;1 x
;;;;;Dark Jadite.png;Smoky Jadite.png;Agate.png;Titanium Dioxide.png;Northwind Soul Stone.png;White Dragon Head.png;White Dragon Scales.png;White Pearl.png;Blue Pearl.png;Blood-Red Pearl.png;Moonstone.png;Moonstone.png;Moonstone.png
